{
    "Query Parsing Execution Time": 0.0,
    "Literature Retrieval Execution Time": 2.5654799938201904,
    "Extraction Execution Time": 14.716776609420776,
    "Graph Construction Execution Time": 1.1478285789489746,
    "Gap Analysis Execution Time": 0.004858493804931641,
    "Report Section Generation Time": 180.74996280670166
}